{
  "rouge1": 0.1966777857755837,
  "rouge2": 0.03489126544951689,
  "rougeL": 0.126169001054249,
  "bleu": 1.8981120047579747,
  "earlystop_score": 0.09401263675224822,
  "bertscore_p": -0.22924329340457916,
  "bertscore_r": -0.1485758125782013,
  "bertscore_f1": -0.1890246719121933
}